projectName;name;pathFile;productionFile;junitVersion;loc;qtdMethods;testSmellName;testSmellMethod;testSmellLineBegin;testSmellLineEnd;methodNameHash;methodNameFullHash;methodCode;methodCodeHash;FullHash
blg-475-project;SolutionTest;C:\Users\posti\.jnose_projects\blg-475-project\src\test\java\gpt54\task0\SolutionTest.java;C:\Users\posti\.jnose_projects\blg-475-project\src\main\java\gpt54\task8\Solution.java;JUnit5;27;1;Unknown Test;sampleCases;9-24;9-24;7e4fff8d8747d0f0d22203fc2977af69;8f92b84853c224f8cb0dd8ee18874dce;@TestvoidsampleCases(){Solutions=newSolution()|List<Boolean>correct=Arrays.asList(s.hasCloseElements(newArrayList<>(Arrays.asList(11.0,2.0,3.9,4.0,5.0,2.2)),0.3),!s.hasCloseElements(newArrayList<>(Arrays.asList(1.0,2.0,3.9,4.0,5.0,2.2)),0.05),s.hasCloseElements(newArrayList<>(Arrays.asList(1.0,2.0,5.9,4.0,5.0)),0.95),!s.hasCloseElements(newArrayList<>(Arrays.asList(1.0,2.0,5.9,4.0,5.0)),0.8),s.hasCloseElements(newArrayList<>(Arrays.asList(1.0,2.0,3.0,4.0,5.0,2.0)),0.1),s.hasCloseElements(newArrayList<>(Arrays.asList(1.1,2.2,3.1,4.1,5.1)),1.0),!s.hasCloseElements(newArrayList<>(Arrays.asList(1.1,2.2,3.1,4.1,5.1)),0.5))|if(correct.contains(false)){thrownewAssertionError()|}};505366b84969aeb0d5cd694d9d770870;80667adda71e59c1babf38e712de0eb1
blg-475-project;SolutionTest;C:\Users\posti\.jnose_projects\blg-475-project\src\test\java\gpt54\task0\SolutionTest.java;C:\Users\posti\.jnose_projects\blg-475-project\src\main\java\gpt54\task8\Solution.java;JUnit5;27;1;Conditional Test Logic;sampleCases;21-23;21-23;7e4fff8d8747d0f0d22203fc2977af69;8f92b84853c224f8cb0dd8ee18874dce;if(correct.contains(false)){thrownewAssertionError()|};2a31cd0f1597a5c837aa604293573ce2;ca916ebbcef280cd4921073daed5951b
blg-475-project;SolutionTest;C:\Users\posti\.jnose_projects\blg-475-project\src\test\java\gpt54\task1\SolutionTest.java;C:\Users\posti\.jnose_projects\blg-475-project\src\main\java\gpt54\task8\Solution.java;JUnit5;30;1;Unknown Test;sampleCases;9-27;9-27;7e4fff8d8747d0f0d22203fc2977af69;8f92b84853c224f8cb0dd8ee18874dce;@TestvoidsampleCases(){Solutions=newSolution()|List<Boolean>correct=Arrays.asList(s.separateParenGroups("(()())((()))()((())()())").equals(Arrays.asList("(()())","((()))","()","((())()())")),s.separateParenGroups("()(())((()))(((())))").equals(Arrays.asList("()","(())","((()))","(((())))")),s.separateParenGroups("(()(())((())))").equals(Arrays.asList("(()(())((())))")),s.separateParenGroups("()(())(()())").equals(Arrays.asList("()","(())","(()())")))|if(correct.contains(false)){thrownewAssertionError()|}};0d920ecc16465f49314873763650b677;67d35e99ec7927a1f73c77fa9272830d
blg-475-project;SolutionTest;C:\Users\posti\.jnose_projects\blg-475-project\src\test\java\gpt54\task1\SolutionTest.java;C:\Users\posti\.jnose_projects\blg-475-project\src\main\java\gpt54\task8\Solution.java;JUnit5;30;1;Conditional Test Logic;sampleCases;24-26;24-26;7e4fff8d8747d0f0d22203fc2977af69;8f92b84853c224f8cb0dd8ee18874dce;if(correct.contains(false)){thrownewAssertionError()|};2a31cd0f1597a5c837aa604293573ce2;ca916ebbcef280cd4921073daed5951b
blg-475-project;SolutionTest;C:\Users\posti\.jnose_projects\blg-475-project\src\test\java\gpt54\task109\SolutionTest.java;C:\Users\posti\.jnose_projects\blg-475-project\src\main\java\gpt54\task8\Solution.java;JUnit5;25;1;Unknown Test;sampleCases;9-22;9-22;7e4fff8d8747d0f0d22203fc2977af69;8f92b84853c224f8cb0dd8ee18874dce;@TestvoidsampleCases(){Solutions=newSolution()|List<Boolean>correct=Arrays.asList(s.moveOneBall(newArrayList<>(Arrays.asList(3,4,5,1,2)))==true,s.moveOneBall(newArrayList<>(Arrays.asList(3,5,10,1,2)))==true,s.moveOneBall(newArrayList<>(Arrays.asList(4,3,1,2)))==false,s.moveOneBall(newArrayList<>(Arrays.asList(3,5,4,1,2)))==false,s.moveOneBall(newArrayList<>(Arrays.asList()))==true)|if(correct.contains(false)){thrownewAssertionError()|}};ae5e78341813b8cab5048c71435c0438;52230ac4c489eed2dde6d00219d192e9
blg-475-project;SolutionTest;C:\Users\posti\.jnose_projects\blg-475-project\src\test\java\gpt54\task109\SolutionTest.java;C:\Users\posti\.jnose_projects\blg-475-project\src\main\java\gpt54\task8\Solution.java;JUnit5;25;1;Conditional Test Logic;sampleCases;19-21;19-21;7e4fff8d8747d0f0d22203fc2977af69;8f92b84853c224f8cb0dd8ee18874dce;if(correct.contains(false)){thrownewAssertionError()|};2a31cd0f1597a5c837aa604293573ce2;ca916ebbcef280cd4921073daed5951b
blg-475-project;SolutionTest;C:\Users\posti\.jnose_projects\blg-475-project\src\test\java\gpt54\task110\SolutionTest.java;C:\Users\posti\.jnose_projects\blg-475-project\src\main\java\gpt54\task8\Solution.java;JUnit5;27;1;Unknown Test;sampleCases;9-24;9-24;7e4fff8d8747d0f0d22203fc2977af69;8f92b84853c224f8cb0dd8ee18874dce;@TestvoidsampleCases(){Solutions=newSolution()|List<Boolean>correct=Arrays.asList(Objects.equals(s.exchange(Arrays.asList(1,2,3,4),Arrays.asList(1,2,3,4)),"YES"),Objects.equals(s.exchange(Arrays.asList(1,2,3,4),Arrays.asList(1,5,3,4)),"NO"),Objects.equals(s.exchange(Arrays.asList(1,2,3,4),Arrays.asList(2,1,4,3)),"YES"),Objects.equals(s.exchange(Arrays.asList(5,7,3),Arrays.asList(2,6,4)),"YES"),Objects.equals(s.exchange(Arrays.asList(5,7,3),Arrays.asList(2,6,3)),"NO"),Objects.equals(s.exchange(Arrays.asList(3,2,6,1,8,9),Arrays.asList(3,5,5,1,1,1)),"NO"),Objects.equals(s.exchange(Arrays.asList(100,200),Arrays.asList(200,200)),"YES"))|if(correct.contains(false)){thrownewAssertionError()|}};ac810f1ebd940cd3cf6b7aa0e5db95b5;e829aab60e34eafc838ef5b4455c28a2
blg-475-project;SolutionTest;C:\Users\posti\.jnose_projects\blg-475-project\src\test\java\gpt54\task110\SolutionTest.java;C:\Users\posti\.jnose_projects\blg-475-project\src\main\java\gpt54\task8\Solution.java;JUnit5;27;1;Conditional Test Logic;sampleCases;21-23;21-23;7e4fff8d8747d0f0d22203fc2977af69;8f92b84853c224f8cb0dd8ee18874dce;if(correct.contains(false)){thrownewAssertionError()|};2a31cd0f1597a5c837aa604293573ce2;ca916ebbcef280cd4921073daed5951b
blg-475-project;SolutionTest;C:\Users\posti\.jnose_projects\blg-475-project\src\test\java\gpt54\task124\SolutionTest.java;C:\Users\posti\.jnose_projects\blg-475-project\src\main\java\gpt54\task8\Solution.java;JUnit5;36;1;Unknown Test;sampleCases;9-33;9-33;7e4fff8d8747d0f0d22203fc2977af69;8f92b84853c224f8cb0dd8ee18874dce;@TestvoidsampleCases(){Solutions=newSolution()|List<Boolean>correct=Arrays.asList(s.validDate("03-11-2000")==true,s.validDate("15-01-2012")==false,s.validDate("04-0-2040")==false,s.validDate("06-04-2020")==true,s.validDate("01-01-2007")==true,s.validDate("03-32-2011")==false,s.validDate("")==false,s.validDate("04-31-3000")==false,s.validDate("06-06-2005")==true,s.validDate("21-31-2000")==false,s.validDate("04-12-2003")==true,s.validDate("04122003")==false,s.validDate("20030412")==false,s.validDate("2003-04")==false,s.validDate("2003-04-12")==false,s.validDate("04-2003")==false)|if(correct.contains(false)){thrownewAssertionError()|}};8fc5bba574a6d74ed0ce5f0602ab6eb3;7c79401d1594fcdad58ac86183c7e91f
blg-475-project;SolutionTest;C:\Users\posti\.jnose_projects\blg-475-project\src\test\java\gpt54\task124\SolutionTest.java;C:\Users\posti\.jnose_projects\blg-475-project\src\main\java\gpt54\task8\Solution.java;JUnit5;36;1;Conditional Test Logic;sampleCases;30-32;30-32;7e4fff8d8747d0f0d22203fc2977af69;8f92b84853c224f8cb0dd8ee18874dce;if(correct.contains(false)){thrownewAssertionError()|};2a31cd0f1597a5c837aa604293573ce2;ca916ebbcef280cd4921073daed5951b
blg-475-project;SolutionTest;C:\Users\posti\.jnose_projects\blg-475-project\src\test\java\gpt54\task129\SolutionTest.java;C:\Users\posti\.jnose_projects\blg-475-project\src\main\java\gpt54\task8\Solution.java;JUnit5;31;1;Unknown Test;sampleCases;9-28;9-28;7e4fff8d8747d0f0d22203fc2977af69;8f92b84853c224f8cb0dd8ee18874dce;@TestvoidsampleCases(){Solutions=newSolution()|List<Boolean>correct=Arrays.asList(s.minPath(Arrays.asList(Arrays.asList(1,2,3),Arrays.asList(4,5,6),Arrays.asList(7,8,9)),3).equals(Arrays.asList(1,2,1)),s.minPath(Arrays.asList(Arrays.asList(5,9,3),Arrays.asList(4,1,6),Arrays.asList(7,8,2)),1).equals(List.of(1)),s.minPath(Arrays.asList(Arrays.asList(1,2,3,4),Arrays.asList(5,6,7,8),Arrays.asList(9,10,11,12),Arrays.asList(13,14,15,16)),4).equals(Arrays.asList(1,2,1,2)),s.minPath(Arrays.asList(Arrays.asList(6,4,13,10),Arrays.asList(5,7,12,1),Arrays.asList(3,16,11,15),Arrays.asList(8,14,9,2)),7).equals(Arrays.asList(1,10,1,10,1,10,1)),s.minPath(Arrays.asList(Arrays.asList(8,14,9,2),Arrays.asList(6,4,13,15),Arrays.asList(5,7,1,12),Arrays.asList(3,10,11,16)),5).equals(Arrays.asList(1,7,1,7,1)),s.minPath(Arrays.asList(Arrays.asList(11,8,7,2),Arrays.asList(5,16,14,4),Arrays.asList(9,3,15,6),Arrays.asList(12,13,10,1)),9).equals(Arrays.asList(1,6,1,6,1,6,1,6,1)),s.minPath(Arrays.asList(Arrays.asList(12,13,10,1),Arrays.asList(9,3,15,6),Arrays.asList(5,16,14,4),Arrays.asList(11,8,7,2)),12).equals(Arrays.asList(1,6,1,6,1,6,1,6,1,6,1,6)),s.minPath(Arrays.asList(Arrays.asList(2,7,4),Arrays.asList(3,1,5),Arrays.asList(6,8,9)),8).equals(Arrays.asList(1,3,1,3,1,3,1,3)),s.minPath(Arrays.asList(Arrays.asList(6,1,5),Arrays.asList(3,8,9),Arrays.asList(2,7,4)),8).equals(Arrays.asList(1,5,1,5,1,5,1,5)),s.minPath(Arrays.asList(Arrays.asList(1,2),Arrays.asList(3,4)),10).equals(Arrays.asList(1,2,1,2,1,2,1,2,1,2)),s.minPath(Arrays.asList(Arrays.asList(1,3),Arrays.asList(3,2)),10).equals(Arrays.asList(1,3,1,3,1,3,1,3,1,3)))|if(correct.contains(false)){thrownewAssertionError()|}};4afbc418157d152e5833a7b3e55dfd09;cd07fb3c2fdafa7829904c13f45daabc
blg-475-project;SolutionTest;C:\Users\posti\.jnose_projects\blg-475-project\src\test\java\gpt54\task129\SolutionTest.java;C:\Users\posti\.jnose_projects\blg-475-project\src\main\java\gpt54\task8\Solution.java;JUnit5;31;1;Conditional Test Logic;sampleCases;25-27;25-27;7e4fff8d8747d0f0d22203fc2977af69;8f92b84853c224f8cb0dd8ee18874dce;if(correct.contains(false)){thrownewAssertionError()|};2a31cd0f1597a5c837aa604293573ce2;ca916ebbcef280cd4921073daed5951b
blg-475-project;SolutionTest;C:\Users\posti\.jnose_projects\blg-475-project\src\test\java\gpt54\task13\SolutionTest.java;C:\Users\posti\.jnose_projects\blg-475-project\src\main\java\gpt54\task8\Solution.java;JUnit5;24;1;Unknown Test;sampleCases;9-21;9-21;7e4fff8d8747d0f0d22203fc2977af69;8f92b84853c224f8cb0dd8ee18874dce;@TestvoidsampleCases(){Solutions=newSolution()|List<Boolean>correct=Arrays.asList(s.greatestCommonDivisor(3,7)==1,s.greatestCommonDivisor(10,15)==5,s.greatestCommonDivisor(49,14)==7,s.greatestCommonDivisor(144,60)==12)|if(correct.contains(false)){thrownewAssertionError()|}};6fa573cf18b5f419869d11a71a7c7759;a9b3601b17ee5f5e3b3ac1841cc6ed5e
blg-475-project;SolutionTest;C:\Users\posti\.jnose_projects\blg-475-project\src\test\java\gpt54\task13\SolutionTest.java;C:\Users\posti\.jnose_projects\blg-475-project\src\main\java\gpt54\task8\Solution.java;JUnit5;24;1;Conditional Test Logic;sampleCases;18-20;18-20;7e4fff8d8747d0f0d22203fc2977af69;8f92b84853c224f8cb0dd8ee18874dce;if(correct.contains(false)){thrownewAssertionError()|};2a31cd0f1597a5c837aa604293573ce2;ca916ebbcef280cd4921073daed5951b
blg-475-project;SolutionTest;C:\Users\posti\.jnose_projects\blg-475-project\src\test\java\gpt54\task140\SolutionTest.java;C:\Users\posti\.jnose_projects\blg-475-project\src\main\java\gpt54\task8\Solution.java;JUnit5;25;1;Unknown Test;sampleCases;9-22;9-22;7e4fff8d8747d0f0d22203fc2977af69;8f92b84853c224f8cb0dd8ee18874dce;@TestvoidsampleCases(){Solutions=newSolution()|List<Boolean>correct=Arrays.asList(Objects.equals(s.fixSpaces("Example"),"Example"),Objects.equals(s.fixSpaces("MudasirHanif"),"Mudasir_Hanif_"),Objects.equals(s.fixSpaces("YellowYellowDirtyFellow"),"Yellow_Yellow__Dirty__Fellow"),Objects.equals(s.fixSpaces("Example"),"Exa-mple"),Objects.equals(s.fixSpaces("Exa122mple"),"-Exa_1_2_2_mple"))|if(correct.contains(false)){thrownewAssertionError()|}};4ddde42eb91c0252385eb6443b9e81da;5f8b17eeec2489f85ca5e20b004a7c30
blg-475-project;SolutionTest;C:\Users\posti\.jnose_projects\blg-475-project\src\test\java\gpt54\task140\SolutionTest.java;C:\Users\posti\.jnose_projects\blg-475-project\src\main\java\gpt54\task8\Solution.java;JUnit5;25;1;Conditional Test Logic;sampleCases;19-21;19-21;7e4fff8d8747d0f0d22203fc2977af69;8f92b84853c224f8cb0dd8ee18874dce;if(correct.contains(false)){thrownewAssertionError()|};2a31cd0f1597a5c837aa604293573ce2;ca916ebbcef280cd4921073daed5951b
blg-475-project;SolutionTest;C:\Users\posti\.jnose_projects\blg-475-project\src\test\java\gpt54\task141\SolutionTest.java;C:\Users\posti\.jnose_projects\blg-475-project\src\main\java\gpt54\task8\Solution.java;JUnit5;44;1;Unknown Test;sampleCases;9-41;9-41;7e4fff8d8747d0f0d22203fc2977af69;8f92b84853c224f8cb0dd8ee18874dce;@TestvoidsampleCases(){Solutions=newSolution()|List<Boolean>correct=Arrays.asList(Objects.equals(s.filenameCheck("example.txt"),"Yes"),Objects.equals(s.filenameCheck("1example.dll"),"No"),Objects.equals(s.filenameCheck("s1sdf3.asd"),"No"),Objects.equals(s.filenameCheck("K.dll"),"Yes"),Objects.equals(s.filenameCheck("MY16FILE3.exe"),"Yes"),Objects.equals(s.filenameCheck("His12FILE94.exe"),"No"),Objects.equals(s.filenameCheck("_Y.txt"),"No"),Objects.equals(s.filenameCheck("?aREYA.exe"),"No"),Objects.equals(s.filenameCheck("/this_is_valid.dll"),"No"),Objects.equals(s.filenameCheck("this_is_valid.wow"),"No"),Objects.equals(s.filenameCheck("this_is_valid.txt"),"Yes"),Objects.equals(s.filenameCheck("this_is_valid.txtexe"),"No"),Objects.equals(s.filenameCheck("#this2_i4s_5valid.ten"),"No"),Objects.equals(s.filenameCheck("@this1_is6_valid.exe"),"No"),Objects.equals(s.filenameCheck("this_is_12valid.6exe4.txt"),"No"),Objects.equals(s.filenameCheck("all.exe.txt"),"No"),Objects.equals(s.filenameCheck("I563_No.exe"),"Yes"),Objects.equals(s.filenameCheck("Is3youfault.txt"),"Yes"),Objects.equals(s.filenameCheck("no_one#knows.dll"),"Yes"),Objects.equals(s.filenameCheck("1I563_Yes3.exe"),"No"),Objects.equals(s.filenameCheck("I563_Yes3.txtt"),"No"),Objects.equals(s.filenameCheck("final..txt"),"No"),Objects.equals(s.filenameCheck("final132"),"No"),Objects.equals(s.filenameCheck("_f4indsartal132."),"No"))|if(correct.contains(false)){thrownewAssertionError()|}};21e229de704614e5841b5862a8d21c48;c56762ae0efe7cc4065f36d2da05494c
blg-475-project;SolutionTest;C:\Users\posti\.jnose_projects\blg-475-project\src\test\java\gpt54\task141\SolutionTest.java;C:\Users\posti\.jnose_projects\blg-475-project\src\main\java\gpt54\task8\Solution.java;JUnit5;44;1;Verbose Test;sampleCases;9-41;9-41;7e4fff8d8747d0f0d22203fc2977af69;8f92b84853c224f8cb0dd8ee18874dce;@TestvoidsampleCases(){Solutions=newSolution()|List<Boolean>correct=Arrays.asList(Objects.equals(s.filenameCheck("example.txt"),"Yes"),Objects.equals(s.filenameCheck("1example.dll"),"No"),Objects.equals(s.filenameCheck("s1sdf3.asd"),"No"),Objects.equals(s.filenameCheck("K.dll"),"Yes"),Objects.equals(s.filenameCheck("MY16FILE3.exe"),"Yes"),Objects.equals(s.filenameCheck("His12FILE94.exe"),"No"),Objects.equals(s.filenameCheck("_Y.txt"),"No"),Objects.equals(s.filenameCheck("?aREYA.exe"),"No"),Objects.equals(s.filenameCheck("/this_is_valid.dll"),"No"),Objects.equals(s.filenameCheck("this_is_valid.wow"),"No"),Objects.equals(s.filenameCheck("this_is_valid.txt"),"Yes"),Objects.equals(s.filenameCheck("this_is_valid.txtexe"),"No"),Objects.equals(s.filenameCheck("#this2_i4s_5valid.ten"),"No"),Objects.equals(s.filenameCheck("@this1_is6_valid.exe"),"No"),Objects.equals(s.filenameCheck("this_is_12valid.6exe4.txt"),"No"),Objects.equals(s.filenameCheck("all.exe.txt"),"No"),Objects.equals(s.filenameCheck("I563_No.exe"),"Yes"),Objects.equals(s.filenameCheck("Is3youfault.txt"),"Yes"),Objects.equals(s.filenameCheck("no_one#knows.dll"),"Yes"),Objects.equals(s.filenameCheck("1I563_Yes3.exe"),"No"),Objects.equals(s.filenameCheck("I563_Yes3.txtt"),"No"),Objects.equals(s.filenameCheck("final..txt"),"No"),Objects.equals(s.filenameCheck("final132"),"No"),Objects.equals(s.filenameCheck("_f4indsartal132."),"No"))|if(correct.contains(false)){thrownewAssertionError()|}};21e229de704614e5841b5862a8d21c48;c56762ae0efe7cc4065f36d2da05494c
blg-475-project;SolutionTest;C:\Users\posti\.jnose_projects\blg-475-project\src\test\java\gpt54\task141\SolutionTest.java;C:\Users\posti\.jnose_projects\blg-475-project\src\main\java\gpt54\task8\Solution.java;JUnit5;44;1;Conditional Test Logic;sampleCases;38-40;38-40;7e4fff8d8747d0f0d22203fc2977af69;8f92b84853c224f8cb0dd8ee18874dce;if(correct.contains(false)){thrownewAssertionError()|};2a31cd0f1597a5c837aa604293573ce2;ca916ebbcef280cd4921073daed5951b
blg-475-project;SolutionTest;C:\Users\posti\.jnose_projects\blg-475-project\src\test\java\gpt54\task156\SolutionTest.java;C:\Users\posti\.jnose_projects\blg-475-project\src\main\java\gpt54\task8\Solution.java;JUnit5;34;1;Unknown Test;sampleCases;9-31;9-31;7e4fff8d8747d0f0d22203fc2977af69;8f92b84853c224f8cb0dd8ee18874dce;@TestvoidsampleCases(){Solutions=newSolution()|List<Boolean>correct=Arrays.asList(Objects.equals(s.intToMiniRoman(19),"xix"),Objects.equals(s.intToMiniRoman(152),"clii"),Objects.equals(s.intToMiniRoman(251),"ccli"),Objects.equals(s.intToMiniRoman(426),"cdxxvi"),Objects.equals(s.intToMiniRoman(500),"d"),Objects.equals(s.intToMiniRoman(1),"i"),Objects.equals(s.intToMiniRoman(4),"iv"),Objects.equals(s.intToMiniRoman(43),"xliii"),Objects.equals(s.intToMiniRoman(90),"xc"),Objects.equals(s.intToMiniRoman(94),"xciv"),Objects.equals(s.intToMiniRoman(532),"dxxxii"),Objects.equals(s.intToMiniRoman(900),"cm"),Objects.equals(s.intToMiniRoman(994),"cmxciv"),Objects.equals(s.intToMiniRoman(1000),"m"))|if(correct.contains(false)){thrownewAssertionError()|}};424c53f41f6f5a41ee43366ba294d4e1;481c4cc0650d77a76d3d13d0507124ce
blg-475-project;SolutionTest;C:\Users\posti\.jnose_projects\blg-475-project\src\test\java\gpt54\task156\SolutionTest.java;C:\Users\posti\.jnose_projects\blg-475-project\src\main\java\gpt54\task8\Solution.java;JUnit5;34;1;Conditional Test Logic;sampleCases;28-30;28-30;7e4fff8d8747d0f0d22203fc2977af69;8f92b84853c224f8cb0dd8ee18874dce;if(correct.contains(false)){thrownewAssertionError()|};2a31cd0f1597a5c837aa604293573ce2;ca916ebbcef280cd4921073daed5951b
blg-475-project;SolutionTest;C:\Users\posti\.jnose_projects\blg-475-project\src\test\java\gpt54\task16\SolutionTest.java;C:\Users\posti\.jnose_projects\blg-475-project\src\main\java\gpt54\task8\Solution.java;JUnit5;25;1;Unknown Test;sampleCases;9-22;9-22;7e4fff8d8747d0f0d22203fc2977af69;8f92b84853c224f8cb0dd8ee18874dce;@TestvoidsampleCases(){Solutions=newSolution()|List<Boolean>correct=Arrays.asList(s.countDistinctCharacters("")==0,s.countDistinctCharacters("abcde")==5,s.countDistinctCharacters("abcde"+"cade"+"CADE")==5,s.countDistinctCharacters("aaaaAAAAaaaa")==1,s.countDistinctCharacters("JerryjERRYJeRRRY")==5)|if(correct.contains(false)){thrownewAssertionError()|}};7f7392bec68bce3cb4ceed196188d864;835d057deb866d59d0b28f8e34e21146
blg-475-project;SolutionTest;C:\Users\posti\.jnose_projects\blg-475-project\src\test\java\gpt54\task16\SolutionTest.java;C:\Users\posti\.jnose_projects\blg-475-project\src\main\java\gpt54\task8\Solution.java;JUnit5;25;1;Conditional Test Logic;sampleCases;19-21;19-21;7e4fff8d8747d0f0d22203fc2977af69;8f92b84853c224f8cb0dd8ee18874dce;if(correct.contains(false)){thrownewAssertionError()|};2a31cd0f1597a5c837aa604293573ce2;ca916ebbcef280cd4921073daed5951b
blg-475-project;SolutionTest;C:\Users\posti\.jnose_projects\blg-475-project\src\test\java\gpt54\task160\SolutionTest.java;C:\Users\posti\.jnose_projects\blg-475-project\src\main\java\gpt54\task8\Solution.java;JUnit5;24;1;Unknown Test;sampleCases;9-21;9-21;7e4fff8d8747d0f0d22203fc2977af69;8f92b84853c224f8cb0dd8ee18874dce;@TestvoidsampleCases(){Solutions=newSolution()|List<Boolean>correct=Arrays.asList(s.doAlgebra(newArrayList<>(Arrays.asList("**","*","+")),newArrayList<>(Arrays.asList(2,3,4,5)))==37,s.doAlgebra(newArrayList<>(Arrays.asList("+","*","-")),newArrayList<>(Arrays.asList(2,3,4,5)))==9,s.doAlgebra(newArrayList<>(Arrays.asList("/","*")),newArrayList<>(Arrays.asList(7,3,4)))==8,s.doAlgebra(newArrayList<>(Arrays.asList("+","**","**")),newArrayList<>(Arrays.asList(7,5,3,2)))==1953132)|if(correct.contains(false)){thrownewAssertionError()|}};30685b84d13a701947e38358badd3ef6;d0307bbb66e1b1f2a00c6bac11538142
blg-475-project;SolutionTest;C:\Users\posti\.jnose_projects\blg-475-project\src\test\java\gpt54\task160\SolutionTest.java;C:\Users\posti\.jnose_projects\blg-475-project\src\main\java\gpt54\task8\Solution.java;JUnit5;24;1;Conditional Test Logic;sampleCases;18-20;18-20;7e4fff8d8747d0f0d22203fc2977af69;8f92b84853c224f8cb0dd8ee18874dce;if(correct.contains(false)){thrownewAssertionError()|};2a31cd0f1597a5c837aa604293573ce2;ca916ebbcef280cd4921073daed5951b
blg-475-project;SolutionTest;C:\Users\posti\.jnose_projects\blg-475-project\src\test\java\gpt54\task162\SolutionTest.java;C:\Users\posti\.jnose_projects\blg-475-project\src\main\java\gpt54\task8\Solution.java;JUnit5;26;1;Unknown Test;sampleCases;11-23;11-23;7e4fff8d8747d0f0d22203fc2977af69;8f92b84853c224f8cb0dd8ee18874dce;@TestvoidsampleCases()throwsNoSuchAlgorithmException{Solutions=newSolution()|List<Boolean>correct=Arrays.asList(s.stringToMd5("Helloworld").get().equals("3e25960a79dbc69b674cd4ec67a72c62"),s.stringToMd5("").isEmpty(),s.stringToMd5("ABC").get().equals("0ef78513b0cb8cef12743f5aeb35f888"),s.stringToMd5("password").get().equals("5f4dcc3b5aa765d61d8327deb882cf99"))|if(correct.contains(false)){thrownewAssertionError()|}};beb8bc2332637468516dc5ac53c75736;98d9e9805e58a2a4c0086bc09f5bbd41
blg-475-project;SolutionTest;C:\Users\posti\.jnose_projects\blg-475-project\src\test\java\gpt54\task162\SolutionTest.java;C:\Users\posti\.jnose_projects\blg-475-project\src\main\java\gpt54\task8\Solution.java;JUnit5;26;1;Conditional Test Logic;sampleCases;20-22;20-22;7e4fff8d8747d0f0d22203fc2977af69;8f92b84853c224f8cb0dd8ee18874dce;if(correct.contains(false)){thrownewAssertionError()|};2a31cd0f1597a5c837aa604293573ce2;ca916ebbcef280cd4921073daed5951b
blg-475-project;SolutionTest;C:\Users\posti\.jnose_projects\blg-475-project\src\test\java\gpt54\task18\SolutionTest.java;C:\Users\posti\.jnose_projects\blg-475-project\src\main\java\gpt54\task8\Solution.java;JUnit5;24;1;Unknown Test;sampleCases;9-21;9-21;7e4fff8d8747d0f0d22203fc2977af69;8f92b84853c224f8cb0dd8ee18874dce;@TestvoidsampleCases(){Solutions=newSolution()|List<Boolean>correct=Arrays.asList(s.howManyTimes("","x")==0,s.howManyTimes("xyxyxyx","x")==4,s.howManyTimes("cacacacac","cac")==4,s.howManyTimes("johndoe","john")==1)|if(correct.contains(false)){thrownewAssertionError()|}};61a6092d8233ee4737db4e3cbea06c59;5c0a594af60bcb7ed9c45b538c31c353
blg-475-project;SolutionTest;C:\Users\posti\.jnose_projects\blg-475-project\src\test\java\gpt54\task18\SolutionTest.java;C:\Users\posti\.jnose_projects\blg-475-project\src\main\java\gpt54\task8\Solution.java;JUnit5;24;1;Conditional Test Logic;sampleCases;18-20;18-20;7e4fff8d8747d0f0d22203fc2977af69;8f92b84853c224f8cb0dd8ee18874dce;if(correct.contains(false)){thrownewAssertionError()|};2a31cd0f1597a5c837aa604293573ce2;ca916ebbcef280cd4921073daed5951b
blg-475-project;SolutionTest;C:\Users\posti\.jnose_projects\blg-475-project\src\test\java\gpt54\task20\SolutionTest.java;C:\Users\posti\.jnose_projects\blg-475-project\src\main\java\gpt54\task8\Solution.java;JUnit5;25;1;Unknown Test;sampleCases;9-22;9-22;7e4fff8d8747d0f0d22203fc2977af69;8f92b84853c224f8cb0dd8ee18874dce;@TestvoidsampleCases(){Solutions=newSolution()|List<Boolean>correct=Arrays.asList(s.findClosestElements(newArrayList<>(Arrays.asList(1.0,2.0,3.9,4.0,5.0,2.2))).equals(Arrays.asList(3.9,4.0)),s.findClosestElements(newArrayList<>(Arrays.asList(1.0,2.0,5.9,4.0,5.0))).equals(Arrays.asList(5.0,5.9)),s.findClosestElements(newArrayList<>(Arrays.asList(1.0,2.0,3.0,4.0,5.0,2.2))).equals(Arrays.asList(2.0,2.2)),s.findClosestElements(newArrayList<>(Arrays.asList(1.0,2.0,3.0,4.0,5.0,2.0))).equals(Arrays.asList(2.0,2.0)),s.findClosestElements(newArrayList<>(Arrays.asList(1.1,2.2,3.1,4.1,5.1))).equals(Arrays.asList(2.2,3.1)))|if(correct.contains(false)){thrownewAssertionError()|}};ca64c145101881be3a02d7da103648c7;fead677328472cebbeeaa0c289ad39ed
blg-475-project;SolutionTest;C:\Users\posti\.jnose_projects\blg-475-project\src\test\java\gpt54\task20\SolutionTest.java;C:\Users\posti\.jnose_projects\blg-475-project\src\main\java\gpt54\task8\Solution.java;JUnit5;25;1;Conditional Test Logic;sampleCases;19-21;19-21;7e4fff8d8747d0f0d22203fc2977af69;8f92b84853c224f8cb0dd8ee18874dce;if(correct.contains(false)){thrownewAssertionError()|};2a31cd0f1597a5c837aa604293573ce2;ca916ebbcef280cd4921073daed5951b
blg-475-project;SolutionTest;C:\Users\posti\.jnose_projects\blg-475-project\src\test\java\gpt54\task25\SolutionTest.java;C:\Users\posti\.jnose_projects\blg-475-project\src\main\java\gpt54\task8\Solution.java;JUnit5;28;1;Unknown Test;sampleCases;9-25;9-25;7e4fff8d8747d0f0d22203fc2977af69;8f92b84853c224f8cb0dd8ee18874dce;@TestvoidsampleCases(){Solutions=newSolution()|List<Boolean>correct=Arrays.asList(s.factorize(2).equals(List.of(2)),s.factorize(4).equals(Arrays.asList(2,2)),s.factorize(8).equals(Arrays.asList(2,2,2)),s.factorize(3*19).equals(Arrays.asList(3,19)),s.factorize(3*19*3*19).equals(Arrays.asList(3,3,19,19)),s.factorize(3*19*3*19*3*19).equals(Arrays.asList(3,3,3,19,19,19)),s.factorize(3*19*19*19).equals(Arrays.asList(3,19,19,19)),s.factorize(3*2*3).equals(Arrays.asList(2,3,3)))|if(correct.contains(false)){thrownewAssertionError()|}};49e4181cb874c07afc1afd4150d129fb;947fdecfb1e37fe6c7853ceebd2c9df7
blg-475-project;SolutionTest;C:\Users\posti\.jnose_projects\blg-475-project\src\test\java\gpt54\task25\SolutionTest.java;C:\Users\posti\.jnose_projects\blg-475-project\src\main\java\gpt54\task8\Solution.java;JUnit5;28;1;Conditional Test Logic;sampleCases;22-24;22-24;7e4fff8d8747d0f0d22203fc2977af69;8f92b84853c224f8cb0dd8ee18874dce;if(correct.contains(false)){thrownewAssertionError()|};2a31cd0f1597a5c837aa604293573ce2;ca916ebbcef280cd4921073daed5951b
blg-475-project;SolutionTest;C:\Users\posti\.jnose_projects\blg-475-project\src\test\java\gpt54\task29\SolutionTest.java;C:\Users\posti\.jnose_projects\blg-475-project\src\main\java\gpt54\task8\Solution.java;JUnit5;23;1;Unknown Test;sampleCases;10-20;10-20;7e4fff8d8747d0f0d22203fc2977af69;8f92b84853c224f8cb0dd8ee18874dce;@TestvoidsampleCases(){Solutions=newSolution()|List<Boolean>correct=Arrays.asList(s.filterByPrefix(newArrayList<>(List.of()),"john").equals(List.of()),s.filterByPrefix(newArrayList<>(Arrays.asList("xxx","asd","xxy","johndoe","xxxAAA","xxx")),"xxx").equals(Arrays.asList("xxx","xxxAAA","xxx")))|if(correct.contains(false)){thrownewAssertionError()|}};6b60a694bae3aab8ed7ec73cd1397e76;d653f20f51e4cc44ab2470b3b6271f09
blg-475-project;SolutionTest;C:\Users\posti\.jnose_projects\blg-475-project\src\test\java\gpt54\task29\SolutionTest.java;C:\Users\posti\.jnose_projects\blg-475-project\src\main\java\gpt54\task8\Solution.java;JUnit5;23;1;Conditional Test Logic;sampleCases;17-19;17-19;7e4fff8d8747d0f0d22203fc2977af69;8f92b84853c224f8cb0dd8ee18874dce;if(correct.contains(false)){thrownewAssertionError()|};2a31cd0f1597a5c837aa604293573ce2;ca916ebbcef280cd4921073daed5951b
blg-475-project;SolutionTest;C:\Users\posti\.jnose_projects\blg-475-project\src\test\java\gpt54\task32\SolutionTest.java;C:\Users\posti\.jnose_projects\blg-475-project\src\main\java\gpt54\task8\Solution.java;JUnit5;31;1;Unknown Test;sampleCases;9-28;9-28;7e4fff8d8747d0f0d22203fc2977af69;8f92b84853c224f8cb0dd8ee18874dce;@TestvoidsampleCases(){Solutions=newSolution()|Randomrand=newRandom(42)|for(inti=0|i<100|i++){intncoeff=2*(rand.nextInt(3)+1)|List<Double>coeffs=newArrayList<>()|for(intj=0|j<ncoeff|j++){intcoeff=rand.nextInt(20)-10|if(coeff==0){coeff=1|}coeffs.add((double)coeff)|}doublesolution=s.findZero(coeffs)|if(Math.abs(s.poly(coeffs,solution))>1e-4){thrownewAssertionError()|}}};5aa1e636e206b2e8ca722421f143b0a2;f0e86dd3404648d0ab09f8246b77dfe3
blg-475-project;SolutionTest;C:\Users\posti\.jnose_projects\blg-475-project\src\test\java\gpt54\task32\SolutionTest.java;C:\Users\posti\.jnose_projects\blg-475-project\src\main\java\gpt54\task8\Solution.java;JUnit5;31;1;Conditional Test Logic;sampleCases;18-20;18-20;7e4fff8d8747d0f0d22203fc2977af69;8f92b84853c224f8cb0dd8ee18874dce;if(coeff==0){coeff=1|};9ef77fe5f896065d43265f2c79fee6e4;abb3eab4ab7512ff6f5830ed786246a1
blg-475-project;SolutionTest;C:\Users\posti\.jnose_projects\blg-475-project\src\test\java\gpt54\task32\SolutionTest.java;C:\Users\posti\.jnose_projects\blg-475-project\src\main\java\gpt54\task8\Solution.java;JUnit5;31;1;Conditional Test Logic;sampleCases;16-22;16-22;7e4fff8d8747d0f0d22203fc2977af69;8f92b84853c224f8cb0dd8ee18874dce;for(intj=0|j<ncoeff|j++){intcoeff=rand.nextInt(20)-10|if(coeff==0){coeff=1|}coeffs.add((double)coeff)|};8733608173c25611b2a4e4640b1ce094;1d01c91d3ec8b8c5712df24b53ffd5c9
blg-475-project;SolutionTest;C:\Users\posti\.jnose_projects\blg-475-project\src\test\java\gpt54\task32\SolutionTest.java;C:\Users\posti\.jnose_projects\blg-475-project\src\main\java\gpt54\task8\Solution.java;JUnit5;31;1;Conditional Test Logic;sampleCases;24-26;24-26;7e4fff8d8747d0f0d22203fc2977af69;8f92b84853c224f8cb0dd8ee18874dce;if(Math.abs(s.poly(coeffs,solution))>1e-4){thrownewAssertionError()|};5752db22eedc9468d04b16835d1d6407;e673f420f342d3e8e3e6b0459fcd2c3c
blg-475-project;SolutionTest;C:\Users\posti\.jnose_projects\blg-475-project\src\test\java\gpt54\task32\SolutionTest.java;C:\Users\posti\.jnose_projects\blg-475-project\src\main\java\gpt54\task8\Solution.java;JUnit5;31;1;Conditional Test Logic;sampleCases;13-27;13-27;7e4fff8d8747d0f0d22203fc2977af69;8f92b84853c224f8cb0dd8ee18874dce;for(inti=0|i<100|i++){intncoeff=2*(rand.nextInt(3)+1)|List<Double>coeffs=newArrayList<>()|for(intj=0|j<ncoeff|j++){intcoeff=rand.nextInt(20)-10|if(coeff==0){coeff=1|}coeffs.add((double)coeff)|}doublesolution=s.findZero(coeffs)|if(Math.abs(s.poly(coeffs,solution))>1e-4){thrownewAssertionError()|}};ca2af19d32a58a86da80169e395facb3;7e9fe3997a4724b39bf67754ebd53702
blg-475-project;SolutionTest;C:\Users\posti\.jnose_projects\blg-475-project\src\test\java\gpt54\task40\SolutionTest.java;C:\Users\posti\.jnose_projects\blg-475-project\src\main\java\gpt54\task8\Solution.java;JUnit5;29;1;Unknown Test;sampleCases;9-26;9-26;7e4fff8d8747d0f0d22203fc2977af69;8f92b84853c224f8cb0dd8ee18874dce;@TestvoidsampleCases(){Solutions=newSolution()|List<Boolean>correct=Arrays.asList(!s.triplesSumToZero(newArrayList<>(Arrays.asList(1,3,5,0))),!s.triplesSumToZero(newArrayList<>(Arrays.asList(1,3,5,-1))),s.triplesSumToZero(newArrayList<>(Arrays.asList(1,3,-2,1))),!s.triplesSumToZero(newArrayList<>(Arrays.asList(1,2,3,7))),!s.triplesSumToZero(newArrayList<>(Arrays.asList(1,2,5,7))),s.triplesSumToZero(newArrayList<>(Arrays.asList(2,4,-5,3,9,7))),!s.triplesSumToZero(newArrayList<>(Arrays.asList(1))),!s.triplesSumToZero(newArrayList<>(Arrays.asList(1,3,5,-100))),!s.triplesSumToZero(newArrayList<>(Arrays.asList(100,3,5,-100))))|if(correct.contains(false)){thrownewAssertionError()|}};5d7c98121de998e838266153948cd0ee;07b14eb69483731f015a8f7ecaf8a27e
blg-475-project;SolutionTest;C:\Users\posti\.jnose_projects\blg-475-project\src\test\java\gpt54\task40\SolutionTest.java;C:\Users\posti\.jnose_projects\blg-475-project\src\main\java\gpt54\task8\Solution.java;JUnit5;29;1;Conditional Test Logic;sampleCases;23-25;23-25;7e4fff8d8747d0f0d22203fc2977af69;8f92b84853c224f8cb0dd8ee18874dce;if(correct.contains(false)){thrownewAssertionError()|};2a31cd0f1597a5c837aa604293573ce2;ca916ebbcef280cd4921073daed5951b
blg-475-project;SolutionTest;C:\Users\posti\.jnose_projects\blg-475-project\src\test\java\gpt54\task44\SolutionTest.java;C:\Users\posti\.jnose_projects\blg-475-project\src\main\java\gpt54\task8\Solution.java;JUnit5;31;1;Unknown Test;sampleCases;9-28;9-28;7e4fff8d8747d0f0d22203fc2977af69;8f92b84853c224f8cb0dd8ee18874dce;@TestvoidsampleCases(){Solutions=newSolution()|List<Boolean>correct=Arrays.asList(Objects.equals(s.changeBase(8,3),"22"),Objects.equals(s.changeBase(9,3),"100"),Objects.equals(s.changeBase(234,2),"11101010"),Objects.equals(s.changeBase(16,2),"10000"),Objects.equals(s.changeBase(8,2),"1000"),Objects.equals(s.changeBase(7,2),"111"))|if(correct.contains(false)){thrownewAssertionError()|}for(intx=2|x<8|x++){if(!Objects.equals(s.changeBase(x,x+1),String.valueOf(x))){thrownewAssertionError()|}}};0bf689f7fae221dd06cfad4326c69744;0f594f4bda69cc7b51936cd7dc47822e
blg-475-project;SolutionTest;C:\Users\posti\.jnose_projects\blg-475-project\src\test\java\gpt54\task44\SolutionTest.java;C:\Users\posti\.jnose_projects\blg-475-project\src\main\java\gpt54\task8\Solution.java;JUnit5;31;1;Conditional Test Logic;sampleCases;20-22;20-22;7e4fff8d8747d0f0d22203fc2977af69;8f92b84853c224f8cb0dd8ee18874dce;if(correct.contains(false)){thrownewAssertionError()|};2a31cd0f1597a5c837aa604293573ce2;ca916ebbcef280cd4921073daed5951b
blg-475-project;SolutionTest;C:\Users\posti\.jnose_projects\blg-475-project\src\test\java\gpt54\task44\SolutionTest.java;C:\Users\posti\.jnose_projects\blg-475-project\src\main\java\gpt54\task8\Solution.java;JUnit5;31;1;Conditional Test Logic;sampleCases;24-26;24-26;7e4fff8d8747d0f0d22203fc2977af69;8f92b84853c224f8cb0dd8ee18874dce;if(!Objects.equals(s.changeBase(x,x+1),String.valueOf(x))){thrownewAssertionError()|};d14c6726f233d43f16fc5365ccc0979b;f14ea0fef26114205f5f75970cf7b4fb
blg-475-project;SolutionTest;C:\Users\posti\.jnose_projects\blg-475-project\src\test\java\gpt54\task44\SolutionTest.java;C:\Users\posti\.jnose_projects\blg-475-project\src\main\java\gpt54\task8\Solution.java;JUnit5;31;1;Conditional Test Logic;sampleCases;23-27;23-27;7e4fff8d8747d0f0d22203fc2977af69;8f92b84853c224f8cb0dd8ee18874dce;for(intx=2|x<8|x++){if(!Objects.equals(s.changeBase(x,x+1),String.valueOf(x))){thrownewAssertionError()|}};0b93b45cf7796f8c06e3ecebf108277b;e9497993e8c16947e7b501272fed1717
blg-475-project;SolutionTest;C:\Users\posti\.jnose_projects\blg-475-project\src\test\java\gpt54\task46\SolutionTest.java;C:\Users\posti\.jnose_projects\blg-475-project\src\main\java\gpt54\task8\Solution.java;JUnit5;24;1;Unknown Test;sampleCases;9-21;9-21;7e4fff8d8747d0f0d22203fc2977af69;8f92b84853c224f8cb0dd8ee18874dce;@TestvoidsampleCases(){Solutions=newSolution()|List<Boolean>correct=Arrays.asList(s.fib4(5)==4,s.fib4(8)==28,s.fib4(10)==104,s.fib4(12)==386)|if(correct.contains(false)){thrownewAssertionError()|}};2a6307902c457df40f4a25eaa904ce06;8b4bcb8f82a8272b324ce517e0d40c90
blg-475-project;SolutionTest;C:\Users\posti\.jnose_projects\blg-475-project\src\test\java\gpt54\task46\SolutionTest.java;C:\Users\posti\.jnose_projects\blg-475-project\src\main\java\gpt54\task8\Solution.java;JUnit5;24;1;Conditional Test Logic;sampleCases;18-20;18-20;7e4fff8d8747d0f0d22203fc2977af69;8f92b84853c224f8cb0dd8ee18874dce;if(correct.contains(false)){thrownewAssertionError()|};2a31cd0f1597a5c837aa604293573ce2;ca916ebbcef280cd4921073daed5951b
blg-475-project;SolutionTest;C:\Users\posti\.jnose_projects\blg-475-project\src\test\java\gpt54\task48\SolutionTest.java;C:\Users\posti\.jnose_projects\blg-475-project\src\main\java\gpt54\task8\Solution.java;JUnit5;27;1;Unknown Test;sampleCases;9-24;9-24;7e4fff8d8747d0f0d22203fc2977af69;8f92b84853c224f8cb0dd8ee18874dce;@TestvoidsampleCases(){Solutions=newSolution()|List<Boolean>correct=Arrays.asList(s.isPalindrome(""),s.isPalindrome("aba"),s.isPalindrome("aaaaa"),!s.isPalindrome("zbcd"),s.isPalindrome("xywyx"),!s.isPalindrome("xywyz"),!s.isPalindrome("xywzx"))|if(correct.contains(false)){thrownewAssertionError()|}};a968b9912f51bef44fa2916966d57d9f;1dd55c9c73127e5798f129606244419b
blg-475-project;SolutionTest;C:\Users\posti\.jnose_projects\blg-475-project\src\test\java\gpt54\task48\SolutionTest.java;C:\Users\posti\.jnose_projects\blg-475-project\src\main\java\gpt54\task8\Solution.java;JUnit5;27;1;Conditional Test Logic;sampleCases;21-23;21-23;7e4fff8d8747d0f0d22203fc2977af69;8f92b84853c224f8cb0dd8ee18874dce;if(correct.contains(false)){thrownewAssertionError()|};2a31cd0f1597a5c837aa604293573ce2;ca916ebbcef280cd4921073daed5951b
blg-475-project;SolutionTest;C:\Users\posti\.jnose_projects\blg-475-project\src\test\java\gpt54\task5\SolutionTest.java;C:\Users\posti\.jnose_projects\blg-475-project\src\main\java\gpt54\task8\Solution.java;JUnit5;23;1;Unknown Test;sampleCases;9-20;9-20;7e4fff8d8747d0f0d22203fc2977af69;8f92b84853c224f8cb0dd8ee18874dce;@TestvoidsampleCases(){Solutions=newSolution()|List<Boolean>correct=Arrays.asList(s.intersperse(newArrayList<>(List.of()),7).equals(List.of()),s.intersperse(newArrayList<>(Arrays.asList(5,6,3,2)),8).equals(Arrays.asList(5,8,6,8,3,8,2)),s.intersperse(newArrayList<>(Arrays.asList(2,2,2)),2).equals(Arrays.asList(2,2,2,2,2)))|if(correct.contains(false)){thrownewAssertionError()|}};51d2996f3bddeb3265fa3ee1d114609c;d761cd5c048127b97fef33f004b81ace
blg-475-project;SolutionTest;C:\Users\posti\.jnose_projects\blg-475-project\src\test\java\gpt54\task5\SolutionTest.java;C:\Users\posti\.jnose_projects\blg-475-project\src\main\java\gpt54\task8\Solution.java;JUnit5;23;1;Conditional Test Logic;sampleCases;17-19;17-19;7e4fff8d8747d0f0d22203fc2977af69;8f92b84853c224f8cb0dd8ee18874dce;if(correct.contains(false)){thrownewAssertionError()|};2a31cd0f1597a5c837aa604293573ce2;ca916ebbcef280cd4921073daed5951b
blg-475-project;SolutionTest;C:\Users\posti\.jnose_projects\blg-475-project\src\test\java\gpt54\task55\SolutionTest.java;C:\Users\posti\.jnose_projects\blg-475-project\src\main\java\gpt54\task8\Solution.java;JUnit5;25;1;Unknown Test;sampleCases;9-22;9-22;7e4fff8d8747d0f0d22203fc2977af69;8f92b84853c224f8cb0dd8ee18874dce;@TestvoidsampleCases(){Solutions=newSolution()|List<Boolean>correct=Arrays.asList(s.fib(10)==55,s.fib(1)==1,s.fib(8)==21,s.fib(11)==89,s.fib(12)==144)|if(correct.contains(false)){thrownewAssertionError()|}};9077ba72d1d71fcc13b8329b7d75c074;2a1790702725fa99e1bb2594ea3299ec
blg-475-project;SolutionTest;C:\Users\posti\.jnose_projects\blg-475-project\src\test\java\gpt54\task55\SolutionTest.java;C:\Users\posti\.jnose_projects\blg-475-project\src\main\java\gpt54\task8\Solution.java;JUnit5;25;1;Conditional Test Logic;sampleCases;19-21;19-21;7e4fff8d8747d0f0d22203fc2977af69;8f92b84853c224f8cb0dd8ee18874dce;if(correct.contains(false)){thrownewAssertionError()|};2a31cd0f1597a5c837aa604293573ce2;ca916ebbcef280cd4921073daed5951b
blg-475-project;SolutionTest;C:\Users\posti\.jnose_projects\blg-475-project\src\test\java\gpt54\task57\SolutionTest.java;C:\Users\posti\.jnose_projects\blg-475-project\src\main\java\gpt54\task8\Solution.java;JUnit5;28;1;Unknown Test;sampleCases;9-25;9-25;7e4fff8d8747d0f0d22203fc2977af69;8f92b84853c224f8cb0dd8ee18874dce;@TestvoidsampleCases(){Solutions=newSolution()|List<Boolean>correct=Arrays.asList(s.monotonic(newArrayList<>(Arrays.asList(1,2,4,10))),s.monotonic(newArrayList<>(Arrays.asList(1,2,4,20))),!s.monotonic(newArrayList<>(Arrays.asList(1,20,4,10))),s.monotonic(newArrayList<>(Arrays.asList(4,1,0,-10))),s.monotonic(newArrayList<>(Arrays.asList(4,1,1,0))),!s.monotonic(newArrayList<>(Arrays.asList(1,2,3,2,5,60))),s.monotonic(newArrayList<>(Arrays.asList(1,2,3,4,5,60))),s.monotonic(newArrayList<>(Arrays.asList(9,9,9,9))))|if(correct.contains(false)){thrownewAssertionError()|}};b970858842bcd69c358d2f73c0a0a2ba;47b3d643837edc356a57dc240b9022bc
blg-475-project;SolutionTest;C:\Users\posti\.jnose_projects\blg-475-project\src\test\java\gpt54\task57\SolutionTest.java;C:\Users\posti\.jnose_projects\blg-475-project\src\main\java\gpt54\task8\Solution.java;JUnit5;28;1;Conditional Test Logic;sampleCases;22-24;22-24;7e4fff8d8747d0f0d22203fc2977af69;8f92b84853c224f8cb0dd8ee18874dce;if(correct.contains(false)){thrownewAssertionError()|};2a31cd0f1597a5c837aa604293573ce2;ca916ebbcef280cd4921073daed5951b
blg-475-project;SolutionTest;C:\Users\posti\.jnose_projects\blg-475-project\src\test\java\gpt54\task58\SolutionTest.java;C:\Users\posti\.jnose_projects\blg-475-project\src\main\java\gpt54\task8\Solution.java;JUnit5;24;1;Unknown Test;sampleCases;9-21;9-21;7e4fff8d8747d0f0d22203fc2977af69;8f92b84853c224f8cb0dd8ee18874dce;@TestvoidsampleCases(){Solutions=newSolution()|List<Boolean>correct=Arrays.asList(s.common(newArrayList<>(Arrays.asList(1,4,3,34,653,2,5)),newArrayList<>(Arrays.asList(5,7,1,5,9,653,121))).equals(Arrays.asList(1,5,653)),s.common(newArrayList<>(Arrays.asList(5,3,2,8)),newArrayList<>(Arrays.asList(3,2))).equals(Arrays.asList(2,3)),s.common(newArrayList<>(Arrays.asList(4,3,2,8)),newArrayList<>(Arrays.asList(3,2,4))).equals(Arrays.asList(2,3,4)),s.common(newArrayList<>(Arrays.asList(4,3,2,8)),newArrayList<>(List.of())).equals(List.of()))|if(correct.contains(false)){thrownewAssertionError()|}};a1b93641bb8aaed86d3a781104828f60;c65917dd1e1e1f9ccf09d8c6bfee1d6e
blg-475-project;SolutionTest;C:\Users\posti\.jnose_projects\blg-475-project\src\test\java\gpt54\task58\SolutionTest.java;C:\Users\posti\.jnose_projects\blg-475-project\src\main\java\gpt54\task8\Solution.java;JUnit5;24;1;Conditional Test Logic;sampleCases;18-20;18-20;7e4fff8d8747d0f0d22203fc2977af69;8f92b84853c224f8cb0dd8ee18874dce;if(correct.contains(false)){thrownewAssertionError()|};2a31cd0f1597a5c837aa604293573ce2;ca916ebbcef280cd4921073daed5951b
blg-475-project;SolutionTest;C:\Users\posti\.jnose_projects\blg-475-project\src\test\java\gpt54\task65\SolutionTest.java;C:\Users\posti\.jnose_projects\blg-475-project\src\main\java\gpt54\task8\Solution.java;JUnit5;25;1;Unknown Test;sampleCases;9-22;9-22;7e4fff8d8747d0f0d22203fc2977af69;8f92b84853c224f8cb0dd8ee18874dce;@TestvoidsampleCases(){Solutions=newSolution()|List<Boolean>correct=Arrays.asList(s.circularShift(100,2).equals("001"),s.circularShift(12,2).equals("12"),s.circularShift(97,8).equals("79"),s.circularShift(12,1).equals("21"),s.circularShift(11,101).equals("11"))|if(correct.contains(false)){thrownewAssertionError()|}};97fbba753b4a6f23104c1b01cbf09612;e104223682cb4647af8e12b9dfff832e
blg-475-project;SolutionTest;C:\Users\posti\.jnose_projects\blg-475-project\src\test\java\gpt54\task65\SolutionTest.java;C:\Users\posti\.jnose_projects\blg-475-project\src\main\java\gpt54\task8\Solution.java;JUnit5;25;1;Conditional Test Logic;sampleCases;19-21;19-21;7e4fff8d8747d0f0d22203fc2977af69;8f92b84853c224f8cb0dd8ee18874dce;if(correct.contains(false)){thrownewAssertionError()|};2a31cd0f1597a5c837aa604293573ce2;ca916ebbcef280cd4921073daed5951b
blg-475-project;SolutionTest;C:\Users\posti\.jnose_projects\blg-475-project\src\test\java\gpt54\task69\SolutionTest.java;C:\Users\posti\.jnose_projects\blg-475-project\src\main\java\gpt54\task8\Solution.java;JUnit5;45;1;Unknown Test;sampleCases;9-42;9-42;7e4fff8d8747d0f0d22203fc2977af69;8f92b84853c224f8cb0dd8ee18874dce;@TestvoidsampleCases(){Solutions=newSolution()|List<Boolean>correct=Arrays.asList(s.search(newArrayList<>(Arrays.asList(5,5,5,5,1)))==1,s.search(newArrayList<>(Arrays.asList(4,1,4,1,4,4)))==4,s.search(newArrayList<>(Arrays.asList(3,3)))==-1,s.search(newArrayList<>(Arrays.asList(8,8,8,8,8,8,8,8)))==8,s.search(newArrayList<>(Arrays.asList(2,3,3,2,2)))==2,s.search(newArrayList<>(Arrays.asList(2,7,8,8,4,8,7,3,9,6,5,10,4,3,6,7,1,7,4,10,8,1)))==1,s.search(newArrayList<>(Arrays.asList(3,2,8,2)))==2,s.search(newArrayList<>(Arrays.asList(6,7,1,8,8,10,5,8,5,3,10)))==1,s.search(newArrayList<>(Arrays.asList(8,8,3,6,5,6,4)))==-1,s.search(newArrayList<>(Arrays.asList(6,9,6,7,1,4,7,1,8,8,9,8,10,10,8,4,10,4,10,1,2,9,5,7,9)))==1,s.search(newArrayList<>(Arrays.asList(1,9,10,1,3)))==1,s.search(newArrayList<>(Arrays.asList(6,9,7,5,8,7,5,3,7,5,10,10,3,6,10,2,8,6,5,4,9,5,3,10)))==5,s.search(newArrayList<>(List.of(1)))==1,s.search(newArrayList<>(Arrays.asList(8,8,10,6,4,3,5,8,2,4,2,8,4,6,10,4,2,1,10,2,1,1,5)))==4,s.search(newArrayList<>(Arrays.asList(2,10,4,8,2,10,5,1,2,9,5,5,6,3,8,6,4,10)))==2,s.search(newArrayList<>(Arrays.asList(1,6,10,1,6,9,10,8,6,8,7,3)))==1,s.search(newArrayList<>(Arrays.asList(9,2,4,1,5,1,5,2,5,7,7,7,3,10,1,5,4,2,8,4,1,9,10,7,10,2,8,10,9,4)))==4,s.search(newArrayList<>(Arrays.asList(2,6,4,2,8,7,5,6,4,10,4,6,3,7,8,8,3,1,4,2,2,10,7)))==4,s.search(newArrayList<>(Arrays.asList(9,8,6,10,2,6,10,2,7,8,10,3,8,2,6,2,3,1)))==2,s.search(newArrayList<>(Arrays.asList(5,5,3,9,5,6,3,2,8,5,6,10,10,6,8,4,10,7,7,10,8)))==-1,s.search(newArrayList<>(List.of(10)))==-1,s.search(newArrayList<>(Arrays.asList(9,7,7,2,4,7,2,10,9,7,5,7,2)))==2,s.search(newArrayList<>(Arrays.asList(5,4,10,2,1,1,10,3,6,1,8)))==1,s.search(newArrayList<>(Arrays.asList(7,9,9,9,3,4,1,5,9,1,2,1,1,10,7,5,6,7,6,7,7,6)))==1,s.search(newArrayList<>(Arrays.asList(3,10,10,9,2)))==-1)|if(correct.contains(false)){thrownewAssertionError()|}};e5dc4a56124b75beeeb218c57e27c854;baf2273ab9efda3ad0569566684fec9b
blg-475-project;SolutionTest;C:\Users\posti\.jnose_projects\blg-475-project\src\test\java\gpt54\task69\SolutionTest.java;C:\Users\posti\.jnose_projects\blg-475-project\src\main\java\gpt54\task8\Solution.java;JUnit5;45;1;Verbose Test;sampleCases;9-42;9-42;7e4fff8d8747d0f0d22203fc2977af69;8f92b84853c224f8cb0dd8ee18874dce;@TestvoidsampleCases(){Solutions=newSolution()|List<Boolean>correct=Arrays.asList(s.search(newArrayList<>(Arrays.asList(5,5,5,5,1)))==1,s.search(newArrayList<>(Arrays.asList(4,1,4,1,4,4)))==4,s.search(newArrayList<>(Arrays.asList(3,3)))==-1,s.search(newArrayList<>(Arrays.asList(8,8,8,8,8,8,8,8)))==8,s.search(newArrayList<>(Arrays.asList(2,3,3,2,2)))==2,s.search(newArrayList<>(Arrays.asList(2,7,8,8,4,8,7,3,9,6,5,10,4,3,6,7,1,7,4,10,8,1)))==1,s.search(newArrayList<>(Arrays.asList(3,2,8,2)))==2,s.search(newArrayList<>(Arrays.asList(6,7,1,8,8,10,5,8,5,3,10)))==1,s.search(newArrayList<>(Arrays.asList(8,8,3,6,5,6,4)))==-1,s.search(newArrayList<>(Arrays.asList(6,9,6,7,1,4,7,1,8,8,9,8,10,10,8,4,10,4,10,1,2,9,5,7,9)))==1,s.search(newArrayList<>(Arrays.asList(1,9,10,1,3)))==1,s.search(newArrayList<>(Arrays.asList(6,9,7,5,8,7,5,3,7,5,10,10,3,6,10,2,8,6,5,4,9,5,3,10)))==5,s.search(newArrayList<>(List.of(1)))==1,s.search(newArrayList<>(Arrays.asList(8,8,10,6,4,3,5,8,2,4,2,8,4,6,10,4,2,1,10,2,1,1,5)))==4,s.search(newArrayList<>(Arrays.asList(2,10,4,8,2,10,5,1,2,9,5,5,6,3,8,6,4,10)))==2,s.search(newArrayList<>(Arrays.asList(1,6,10,1,6,9,10,8,6,8,7,3)))==1,s.search(newArrayList<>(Arrays.asList(9,2,4,1,5,1,5,2,5,7,7,7,3,10,1,5,4,2,8,4,1,9,10,7,10,2,8,10,9,4)))==4,s.search(newArrayList<>(Arrays.asList(2,6,4,2,8,7,5,6,4,10,4,6,3,7,8,8,3,1,4,2,2,10,7)))==4,s.search(newArrayList<>(Arrays.asList(9,8,6,10,2,6,10,2,7,8,10,3,8,2,6,2,3,1)))==2,s.search(newArrayList<>(Arrays.asList(5,5,3,9,5,6,3,2,8,5,6,10,10,6,8,4,10,7,7,10,8)))==-1,s.search(newArrayList<>(List.of(10)))==-1,s.search(newArrayList<>(Arrays.asList(9,7,7,2,4,7,2,10,9,7,5,7,2)))==2,s.search(newArrayList<>(Arrays.asList(5,4,10,2,1,1,10,3,6,1,8)))==1,s.search(newArrayList<>(Arrays.asList(7,9,9,9,3,4,1,5,9,1,2,1,1,10,7,5,6,7,6,7,7,6)))==1,s.search(newArrayList<>(Arrays.asList(3,10,10,9,2)))==-1)|if(correct.contains(false)){thrownewAssertionError()|}};e5dc4a56124b75beeeb218c57e27c854;baf2273ab9efda3ad0569566684fec9b
blg-475-project;SolutionTest;C:\Users\posti\.jnose_projects\blg-475-project\src\test\java\gpt54\task69\SolutionTest.java;C:\Users\posti\.jnose_projects\blg-475-project\src\main\java\gpt54\task8\Solution.java;JUnit5;45;1;Conditional Test Logic;sampleCases;39-41;39-41;7e4fff8d8747d0f0d22203fc2977af69;8f92b84853c224f8cb0dd8ee18874dce;if(correct.contains(false)){thrownewAssertionError()|};2a31cd0f1597a5c837aa604293573ce2;ca916ebbcef280cd4921073daed5951b
blg-475-project;SolutionTest;C:\Users\posti\.jnose_projects\blg-475-project\src\test\java\gpt54\task76\SolutionTest.java;C:\Users\posti\.jnose_projects\blg-475-project\src\main\java\gpt54\task8\Solution.java;JUnit5;36;1;Unknown Test;sampleCases;9-33;9-33;7e4fff8d8747d0f0d22203fc2977af69;8f92b84853c224f8cb0dd8ee18874dce;@TestvoidsampleCases(){Solutions=newSolution()|List<Boolean>correct=Arrays.asList(s.isSimplePower(1,4),s.isSimplePower(2,2),s.isSimplePower(8,2),!s.isSimplePower(3,2),!s.isSimplePower(3,1),!s.isSimplePower(5,3),s.isSimplePower(16,2),!s.isSimplePower(143214,16),s.isSimplePower(4,2),s.isSimplePower(9,3),s.isSimplePower(16,4),!s.isSimplePower(24,2),!s.isSimplePower(128,4),!s.isSimplePower(12,6),s.isSimplePower(1,1),s.isSimplePower(1,12))|if(correct.contains(false)){thrownewAssertionError()|}};9d4316d58123f9fac743e3cb124e357f;7c8c604228620b2b27e530c81525437e
blg-475-project;SolutionTest;C:\Users\posti\.jnose_projects\blg-475-project\src\test\java\gpt54\task76\SolutionTest.java;C:\Users\posti\.jnose_projects\blg-475-project\src\main\java\gpt54\task8\Solution.java;JUnit5;36;1;Conditional Test Logic;sampleCases;30-32;30-32;7e4fff8d8747d0f0d22203fc2977af69;8f92b84853c224f8cb0dd8ee18874dce;if(correct.contains(false)){thrownewAssertionError()|};2a31cd0f1597a5c837aa604293573ce2;ca916ebbcef280cd4921073daed5951b
blg-475-project;SolutionTest;C:\Users\posti\.jnose_projects\blg-475-project\src\test\java\gpt54\task8\SolutionTest.java;C:\Users\posti\.jnose_projects\blg-475-project\src\main\java\gpt54\task8\Solution.java;JUnit5;25;1;Unknown Test;sampleCases;9-22;9-22;7e4fff8d8747d0f0d22203fc2977af69;8f92b84853c224f8cb0dd8ee18874dce;@TestvoidsampleCases(){Solutions=newSolution()|List<Boolean>correct=Arrays.asList(s.sumProduct(newArrayList<>(List.of())).equals(Arrays.asList(0,1)),s.sumProduct(newArrayList<>(Arrays.asList(1,1,1))).equals(Arrays.asList(3,1)),s.sumProduct(newArrayList<>(Arrays.asList(100,0))).equals(Arrays.asList(100,0)),s.sumProduct(newArrayList<>(Arrays.asList(3,5,7))).equals(Arrays.asList(3+5+7,3*5*7)),s.sumProduct(newArrayList<>(List.of(10))).equals(Arrays.asList(10,10)))|if(correct.contains(false)){thrownewAssertionError()|}};ae3b243f8d40b387269946ebf223eb37;a5151ab076eb424548db77d518c3aef4
blg-475-project;SolutionTest;C:\Users\posti\.jnose_projects\blg-475-project\src\test\java\gpt54\task8\SolutionTest.java;C:\Users\posti\.jnose_projects\blg-475-project\src\main\java\gpt54\task8\Solution.java;JUnit5;25;1;Eager Test;sampleCases;13, 14, 15, 16, 17;13, 14, 15, 16, 17;7e4fff8d8747d0f0d22203fc2977af69;8f92b84853c224f8cb0dd8ee18874dce;s.sumProduct(newArrayList<>(List.of())).equals(Arrays.asList(0,1)),s.sumProduct(newArrayList<>(Arrays.asList(1,1,1))).equals(Arrays.asList(3,1)),s.sumProduct(newArrayList<>(Arrays.asList(100,0))).equals(Arrays.asList(100,0)),s.sumProduct(newArrayList<>(Arrays.asList(3,5,7))).equals(Arrays.asList(3+5+7,3*5*7)),s.sumProduct(newArrayList<>(List.of(10))).equals(Arrays.asList(10,10));e5b7ad94e976086c29fdf0cebae127df;3692ad7dac061d55da034b08924c2ac7
blg-475-project;SolutionTest;C:\Users\posti\.jnose_projects\blg-475-project\src\test\java\gpt54\task8\SolutionTest.java;C:\Users\posti\.jnose_projects\blg-475-project\src\main\java\gpt54\task8\Solution.java;JUnit5;25;1;Conditional Test Logic;sampleCases;19-21;19-21;7e4fff8d8747d0f0d22203fc2977af69;8f92b84853c224f8cb0dd8ee18874dce;if(correct.contains(false)){thrownewAssertionError()|};2a31cd0f1597a5c837aa604293573ce2;ca916ebbcef280cd4921073daed5951b
